Unnamed: 0,Title,Author,Year,Subjects,Filename,Total Number Words,Two Most Common Words,Ratio of Unique and Total Words
0,The Armed Forces OfficerDepartment of the Army Pamphlet 600-2,United States Department of Defense,unknown,"[""United States -- Armed Forces -- Officers' handbooks""]",./books/the-armed-forces-officerdepartment-of-the-army-pamphlet-6002-united-states-department-of-defens.txt,195332,"['the', 'of']",0.047155611983699545
1,"Frankenstein; Or, The Modern Prometheus",Shelley Mary Wollstonecraft ,1797-1851,"['Science fiction', 'Horror tales', 'Gothic fiction', 'Scientists -- Fiction', 'Monsters -- Fiction', 'Frankenstein, Victor (Fictitious character) -- Fiction', ""Frankenstein's monster (Fictitious character) -- Fiction""]",./books/frankenstein-or-the-modern-prometheus-shelley-mary-wollstonecraft.txt,81590,"['the', 'and']",0.09290354210074764
2,Pride and Prejudice,Austen Jane ,1775-1817,"['England -- Fiction', 'Young women -- Fiction', 'Love stories', 'Sisters -- Fiction', 'Domestic fiction', 'Courtship -- Fiction', 'Social classes -- Fiction']",./books/pride-and-prejudice-austen-jane.txt,126221,"['the', 'to']",0.053556856624491965
3,"A Modest ProposalFor preventing the children of poor people in Ireland, from being a burden on their parents or country, and for making them beneficial to the publick",Swift Jonathan ,1667-1745,"['Political satire, English', 'Religious satire, English', 'Ireland -- Politics and government -- 18th century -- Humor']",./books/a-modest-proposalfor-preventing-the-children-of-poor-people-in-ireland-from-being-a-burden-on-their-parents-or-country-and-for-making-them-beneficial-to-the-publick-swift-jonathan.txt,6717,"['the', 'of']",0.24222122971564686
4,A Christmas Carol in Prose; Being a Ghost Story of Christmas,Dickens Charles Leech John ,1812-1817,"['Christmas stories', 'London (England) -- Fiction', 'Poor families -- Fiction', 'Ghost stories', 'Misers -- Fiction', 'Sick children -- Fiction', 'Scrooge, Ebenezer (Fictitious character) -- Fiction']",./books/a-christmas-carol-in-prose-being-a-ghost-story-of-christmas-dickens-charles-leech-john.txt,32451,"['the', 'and']",0.1440017256787156
5,A Doll's House : a play,Ibsen Henrik ,1828-1906,"['Marriage -- Drama', 'Man-woman relationships -- Drama', 'Norwegian drama -- Translations into English', 'Wives -- Drama']",./books/a-dolls-house--a-play-ibsen-henrik.txt,31360,"['you', 'the']",0.0916454081632653
6,The Scarlet Letter,Hawthorne Nathaniel Anthony A V S Andrew Varick Stout Foote Mary Hallock Ipsen Ludvig Sandöe,1804-1835,"['Adultery -- Fiction', 'Historical fiction', 'Revenge -- Fiction', 'Psychological fiction', 'Married women -- Fiction', 'Clergy -- Fiction', 'Triangles (Interpersonal relations) -- Fiction', 'Illegitimate children -- Fiction', 'Women immigrants -- Fiction', 'Puritans -- Fiction', 'Boston (Mass.) -- History -- Colonial period, ca. 1600-1775 -- Fiction']",./books/the-scarlet-letter-hawthorne-nathaniel-anthony-a-v-s-andrew-varick-stout-foote-mary-hallock-ipsen-ludvig-sandö.txt,89161,"['the', 'of']",0.09967362411816826
7,Alice's Adventures in Wonderland,Carroll Lewis ,1832-1898,"['Fantasy fiction', ""Children's stories"", 'Imaginary places -- Juvenile fiction', 'Alice (Fictitious character from Carroll) -- Juvenile fiction']",./books/alices-adventures-in-wonderland-carroll-lewis.txt,30743,"['the', 'and']",0.10301532056077806
8,The Strange Case of Dr. Jekyll and Mr. Hyde,Stevenson Robert Louis ,1850-1894,"['Science fiction', 'Horror tales', 'London (England) -- Fiction', 'Physicians -- Fiction', 'Psychological fiction', 'Self-experimentation in medicine -- Fiction', 'Multiple personality -- Fiction']",./books/the-strange-case-of-dr-jekyll-and-mr-hyde-stevenson-robert-louis.txt,29173,"['the', 'of']",0.14893908751242588
9,Anthem,Rand Ayn ,1905-1982,"['Science fiction', 'Psychological fiction', 'Love stories', 'Time travel -- Fiction', 'Men -- Psychology -- Fiction', 'Individuality -- Fiction']",./books/anthem-rand-ayn.txt,22537,"['the', 'we']",0.10964192217242756
10,A Tale of Two Cities,Dickens Charles ,1812-1870,"['Historical fiction', 'France -- History -- Revolution, 1789-1799 -- Fiction', 'London (England) -- History -- 18th century -- Fiction', 'War stories', 'Executions and executioners -- Fiction', 'French -- England -- London -- Fiction', 'Lookalikes -- Fiction', 'British -- France -- Paris -- Fiction', 'Paris (France) -- History -- 1789-1799 -- Fiction']",./books/a-tale-of-two-cities-dickens-charles.txt,141748,"['the', 'and']",0.07068882806106612
11,The Importance of Being Earnest: A Trivial Comedy for Serious People,Wilde Oscar ,1854-1900,"['Comedies', 'England -- Drama', 'Identity (Psychology) -- Drama', 'Foundlings -- Drama']",./books/the-importance-of-being-earnest-a-trivial-comedy-for-serious-people-wilde-oscar.txt,24255,"['i', 'the']",0.12603586889301174
12,Metamorphosis,Kafka Franz Wyllie David Translator,1883,"['Psychological fiction', 'Metamorphosis -- Fiction']",./books/metamorphosis-kafka-franz-wyllie-david-translato.txt,25641,"['the', 'to']",0.11762411762411762
13,The Adventures of Sherlock Holmes,Doyle Arthur Conan ,1859-1930,"['Holmes, Sherlock (Fictitious character) -- Fiction', 'Private investigators -- England -- Fiction', 'Detective and mystery stories, English']",./books/the-adventures-of-sherlock-holmes-doyle-arthur-conan.txt,109226,"['the', 'and']",0.07508285573032061
14,"The Extraordinary Adventures of Arsene Lupin, Gentleman-Burglar",Leblanc Maurice ,1864-1941,"['Short stories', 'Burglars -- Fiction', 'Lupin, Arsène (Fictitious character) -- Fiction', 'Adventure stories, French -- Translations into English', 'Mystery and detective stories']",./books/the-extraordinary-adventures-of-arsene-lupin-gentlemanburglar-leblanc-maurice.txt,57882,"['the', 'of']",0.10464393075567534
15,The Yellow Wallpaper,Gilman Charlotte Perkins ,1860-1935,"['Psychological fiction', 'Mentally ill women -- Fiction', 'Feminist fiction', 'Married women -- Psychology -- Fiction', 'Sex role -- Fiction']",./books/the-yellow-wallpaper-gilman-charlotte-perkins.txt,9529,"['the', 'and']",0.18564382411585686
16,Adventures of Huckleberry Finn,Twain Mark Kemble E W Edward Windsor ,1835-1861,"['Humorous stories', 'Bildungsromans', 'Boys -- Fiction', 'Male friendship -- Fiction', 'Adventure stories', 'Missouri -- Fiction', 'Race relations -- Fiction', 'Runaway children -- Fiction', 'Finn, Huckleberry (Fictitious character) -- Fiction', 'Fugitive slaves -- Fiction', 'Mississippi River -- Fiction']",./books/adventures-of-huckleberry-finn-twain-mark-kemble-e-w-edward-windsor.txt,120931,"['and', 'the']",0.05680925486434413
17,"Narrative of the Life of Frederick Douglass, an American Slave",Douglass Frederick ,1818-1895,"['Douglass, Frederick, 1818-1895', 'African American abolitionists -- Biography', 'Abolitionists -- United States -- Biography', 'Slaves -- United States -- Biography']",./books/narrative-of-the-life-of-frederick-douglass-an-american-slave-douglass-frederick.txt,44603,"['the', 'of']",0.1230858910835594
18,Jane Eyre: An Autobiography,Brontë Charlotte Townsend F H Frederick Henry ,1816-1868,"['Orphans -- Fiction', 'England -- Fiction', 'Young women -- Fiction', 'Love stories', 'Governesses -- Fiction', 'Fathers and daughters -- Fiction', 'Mentally ill women -- Fiction', 'Charity-schools -- Fiction', 'Married people -- Fiction', 'Country homes -- Fiction', 'Bildungsromans']",./books/jane-eyre-an-autobiography-brontë-charlotte-townsend-f-h-frederick-henry.txt,192717,"['the', 'i']",0.06704130927733412
19,Beowulf: An Anglo-Saxon Epic Poem,Hall J Lesslie John Lesslie ,1856-1928,"['Epic poetry, English (Old)', 'Monsters -- Poetry', 'Dragons -- Poetry']",./books/beowulf-an-anglosaxon-epic-poem-hall-j-lesslie-john-lesslie.txt,44939,"['the', 'of']",0.14699926567124325
20,"Moby Dick; Or, The Whale",Melville Herman ,1819-1891,"['Whaling -- Fiction', 'Sea stories', 'Psychological fiction', 'Ship captains -- Fiction', 'Adventure stories', 'Mentally ill -- Fiction', 'Ahab, Captain (Fictitious character) -- Fiction', 'Whales -- Fiction', 'Whaling ships -- Fiction']",./books/moby-dick-or-the-whale-melville-herman.txt,222663,"['the', 'of']",0.07925429909773964
21,Heart of Darkness,Conrad Joseph ,1857-1924,"['Africa -- Fiction', 'Europeans -- Africa -- Fiction', 'Trading posts -- Fiction', 'Degeneration -- Fiction', 'Imperialism -- Fiction', 'Psychological fiction']",./books/heart-of-darkness-conrad-joseph.txt,42347,"['the', 'of']",0.13762486126526083
22,The Picture of Dorian Gray,Wilde Oscar ,1854-1900,"['Didactic fiction', 'Supernatural -- Fiction', 'Conduct of life -- Fiction', 'Portraits -- Fiction', 'Great Britain -- History -- Victoria, 1837-1901 -- Fiction', 'London (England) -- History -- 1800-1950 -- Fiction', 'Appearance (Philosophy) -- Fiction', 'Paranormal fiction']",./books/the-picture-of-dorian-gray-wilde-oscar.txt,83632,"['the', 'of']",0.08586426248326
23,The Hound of the Baskervilles,Doyle Arthur Conan ,1859-1930,"['Holmes, Sherlock (Fictitious character) -- Fiction', 'Private investigators -- England -- Fiction', 'Dogs -- Fiction', 'Detective and mystery stories', 'Blessing and cursing -- Fiction', 'Dartmoor (England) -- Fiction']",./books/the-hound-of-the-baskervilles-doyle-arthur-conan.txt,63253,"['the', 'of']",0.09351335114540021
24,"The Awakening, and Selected Short Stories",Chopin Kate ,1850-1904,"['Adultery -- Fiction', 'Women -- Louisiana -- New Orleans -- Social conditions -- Fiction', 'Self-actualization (Psychology) -- Fiction', 'New Orleans (La.) -- Fiction', 'Louisiana -- Social life and customs -- Fiction']",./books/the-awakening-and-selected-short-stories-chopin-kate.txt,68493,"['the', 'and']",0.10403982888762356
25,The Adventures of Tom Sawyer,Twain Mark ,1835-1910,"['Humorous stories', 'Bildungsromans', 'Boys -- Fiction', 'Male friendship -- Fiction', 'Adventure stories', 'Missouri -- Fiction', 'Sawyer, Tom (Fictitious character) -- Fiction', 'Child witnesses -- Fiction', 'Runaway children -- Fiction', 'Mississippi River Valley -- Fiction']",./books/the-adventures-of-tom-sawyer-twain-mark.txt,77612,"['the', 'and']",0.10020357676647941
26,The Souls of Black Folk,Du Bois W E B William Edward Burghardt ,1868-1963,['African Americans'],./books/the-souls-of-black-folk-du-bois-w-e-b-william-edward-burghardt.txt,73578,"['the', 'and']",0.11816031966076816
27,Great Expectations,Dickens Charles ,1812-1870,"['Orphans -- Fiction', 'England -- Fiction', 'Revenge -- Fiction', 'Bildungsromans', 'Young men -- Fiction', 'Man-woman relationships -- Fiction', 'Ex-convicts -- Fiction', 'Benefactors -- Fiction']",./books/great-expectations-dickens-charles.txt,192346,"['the', 'and']",0.05760972414295072
28,Dracula,Stoker Bram ,1847-1912,"['Horror tales', 'Epistolary fiction', 'Gothic fiction', 'Vampires -- Fiction', 'Dracula, Count (Fictitious character) -- Fiction', 'Transylvania (Romania) -- Fiction', 'Whitby (England) -- Fiction']",./books/dracula-stoker-bram.txt,167231,"['the', 'and']",0.05852383828357183
29,"Walden, and On The Duty Of Civil Disobedience",Thoreau Henry David ,1817-1862,"['Civil disobedience', 'Authors, American -- 19th century -- Biography', 'Thoreau, Henry David, 1817-1862 -- Homes and haunts -- Massachusetts -- Walden Woods', 'Wilderness areas -- Massachusetts -- Walden Woods', 'Natural history -- Massachusetts -- Walden Woods', 'Solitude', 'Government, Resistance to', 'Walden Woods (Mass.) -- Social life and customs']",./books/walden-and-on-the-duty-of-civil-disobedience-thoreau-henry-david.txt,120664,"['the', 'and']",0.09514851156931645
30,Treasure Island,Stevenson Robert Louis Rhead Louis ,1850-1857,"['Sea stories', 'Pirates -- Fiction', 'Treasure troves -- Fiction', 'Treasure Island (Imaginary place) -- Fiction']",./books/treasure-island-stevenson-robert-louis-rhead-louis.txt,73839,"['the', 'and']",0.08548328119286557
31,The Prince,Machiavelli Niccolò Marriott W K William Kenaz ,1469-1927,"['State, The -- Early works to 1800', 'Political science -- Philosophy -- Early works to 1800', 'Political ethics -- Early works to 1800']",./books/the-prince-machiavelli-niccolò-marriott-w-k-william-kenaz.txt,53457,"['the', 'to']",0.10385917653441083
32,Peter Pan,Barrie J M James Matthew ,1860-1937,"['Fantasy literature', 'Peter Pan (Fictitious character) -- Fiction', 'Never-Never Land (Imaginary place) -- Fiction', 'Pirates -- Fiction', 'Fairies -- Fiction']",./books/peter-pan-barrie-j-m-james-matthew.txt,51746,"['the', 'and']",0.10319638232906891
33,The Wonderful Wizard of Oz,Baum L Frank Lyman Frank ,1856-1919,"['Oz (Imaginary place) -- Juvenile fiction', 'Fantasy literature', 'Courage -- Juvenile fiction', 'Home -- Juvenile fiction', 'Good and evil -- Juvenile fiction', 'Dreams -- Juvenile fiction', 'Gale, Dorothy (Fictitious character) -- Juvenile fiction', 'Cowardly Lion (Fictitious character) -- Juvenile fiction', 'Cyclones -- Juvenile fiction', 'Scarecrow (Fictitious character from Baum) -- Juvenile fiction', 'Toto (Fictitious character) -- Juvenile fiction', 'Witches -- Juvenile fiction', 'Wizard of Oz (Fictitious character) -- Juvenile fiction', 'Tin Woodman (Fictitious character) -- Juvenile fiction']",./books/the-wonderful-wizard-of-oz-baum-l-frank-lyman-frank.txt,43290,"['the', 'and']",0.07854007854007854
34,The Call of the Wild,London Jack ,1876-1916,"['Dogs -- Fiction', 'Adventure stories', 'Nature stories', 'Klondike River Valley (Yukon) -- Fiction', 'Sled dogs -- Fiction', 'Pet theft -- Fiction', 'Feral dogs -- Fiction', 'Animal welfare -- Fiction']",./books/the-call-of-the-wild-london-jack.txt,35679,"['the', 'and']",0.14431458280781412
35,Grimms' Fairy Tales,Grimm Jacob Grimm Wilhelm ,1785-1786,['Fairy tales -- Germany'],./books/grimms-fairy-tales-grimm-jacob-grimm-wilhelm.txt,105335,"['the', 'and']",0.049185930602363884
36,Candide,Voltaire ,1694-1778,"['Satire', 'Optimism -- Fiction']",./books/candide-voltaire.txt,39360,"['the', 'of']",0.1391260162601626
37,The Republic,Plato  BCE BCEJowett Benjamin ,427-347,"['Classical literature', 'Political science -- Early works to 1800', 'Utopias -- Early works to 1800', 'Justice -- Early works to 1800']",./books/the-republic-plato--bce-bcejowett-benjamin.txt,220979,"['the', 'of']",0.04757013109843017
38,Dubliners,Joyce James ,1882-1941,"['Short stories', 'Dublin (Ireland) -- Fiction']",./books/dubliners-joyce-james.txt,72553,"['the', 'and']",0.104599396303392
39,Daemonologie.,James I King of England ,1566-1625,"['Magic', 'Witchcraft -- Scotland', 'Demonology', 'Fian, John, -1591']",./books/daemonologie-james-i-king-of-england.txt,29811,"['the', 'of']",0.1554459763174667
40,The Sign of the Four,Doyle Arthur Conan ,1859-1930,"['Holmes, Sherlock (Fictitious character) -- Fiction', 'Private investigators -- England -- Fiction', 'Detective and mystery stories']",./books/the-sign-of-the-four-doyle-arthur-conan.txt,47134,"['the', 'and']",0.12195018458013324
41,Poems and Songs of Robert Burns,Burns Robert ,1759-1796,"['Songs, Scots -- Scotland -- Texts', 'Scotland -- Poetry']",./books/poems-and-songs-of-robert-burns-burns-robert.txt,139481,"['the', 'a']",0.09981287773962046
42,Little Women,Alcott Louisa May ,1832-1888,"['Autobiographical fiction', 'Young women -- Fiction', 'Sisters -- Fiction', 'Domestic fiction', 'Family life -- New England -- Fiction', 'New England -- Fiction', 'Bildungsromans', 'Mothers and daughters -- Fiction', 'March family (Fictitious characters) -- Fiction']",./books/little-women-alcott-louisa-may.txt,194407,"['and', 'the']",0.05699897637430751
43,Emma,Austen Jane ,1775-1817,"['Humorous stories', 'England -- Fiction', 'Young women -- Fiction', 'Love stories', 'Fathers and daughters -- Fiction', 'Bildungsromans', 'Mate selection -- Fiction', 'Female friendship -- Fiction']",./books/emma-austen-jane.txt,165167,"['the', 'to']",0.04567498350154692
44,The War of the Worlds,Wells H G Herbert George ,1866-1946,"['Science fiction', 'War stories', 'Martians -- Fiction', 'Mars (Planet) -- Fiction', 'Space warfare -- Fiction', 'Imaginary wars and battles -- Fiction', 'Life on other planets -- Fiction']",./books/the-war-of-the-worlds-wells-h-g-herbert-george.txt,64306,"['the', 'and']",0.11093832612819955
45,Pygmalion,Shaw Bernard ,1856-1950,"['Comedies', 'Speech and social status -- Drama', 'London (England) -- Drama', 'Linguistics teachers -- Drama', 'Social classes -- Drama', 'Flower vending -- Drama']",./books/pygmalion-shaw-bernard.txt,38181,"['the', 'to']",0.12375265184253949
46,"Songs of Innocence, and Songs of Experience",Blake William ,1757-1827,"['Pastoral poetry', 'English poetry -- 18th century']",./books/songs-of-innocence-and-songs-of-experience-blake-william.txt,8886,"['the', 'and']",0.21089354040063021
47,Wuthering Heights,Brontë Emily ,1818-1848,"['Revenge -- Fiction', 'Psychological fiction', 'Rejection (Psychology) -- Fiction', 'Love stories', 'Domestic fiction', 'Yorkshire (England) -- Fiction', 'Foundlings -- Fiction', 'Rural families -- Fiction', 'Heathcliff (Fictitious character : Brontë) -- Fiction', 'Triangles (Interpersonal relations) -- Fiction']",./books/wuthering-heights-brontë-emily.txt,122657,"['and', 'the']",0.07854423310532624
48,Anne of Green Gables,Montgomery L M Lucy Maud ,1874-1942,"['Orphans -- Fiction', 'Islands -- Fiction', 'Friendship -- Fiction', 'Bildungsromans', 'Girls -- Fiction', 'Country life -- Prince Edward Island -- Fiction', 'Prince Edward Island -- History -- 20th century -- Fiction', 'Canada -- History -- 1867-1914 -- Fiction', 'Shirley, Anne (Fictitious character) -- Fiction']",./books/anne-of-green-gables-montgomery-l-m-lucy-maud.txt,110461,"['the', 'and']",0.07138265994332842
49,War and Peace,Tolstoy Leo graf Maude Aylmer Maude Louise ,1828-1858,"['Historical fiction', 'War stories', 'Napoleonic Wars, 1800-1815 -- Campaigns -- Russia -- Fiction', 'Russia -- History -- Alexander I, 1801-1825 -- Fiction', 'Aristocracy (Social class) -- Russia -- Fiction']",./books/war-and-peace-tolstoy-leo-graf-maude-aylmer-maude-louise.txt,576638,"['the', 'and']",0.030757598354600287
50,Crime and Punishment,Dostoyevsky Fyodor Garnett Constance ,1821-1861,"['Detective and mystery stories', 'Psychological fiction', 'Saint Petersburg (Russia) -- Fiction', 'Murder -- Fiction', 'Crime -- Psychological aspects -- Fiction']",./books/crime-and-punishment-dostoyevsky-fyodor-garnett-constance.txt,212001,"['the', 'and']",0.046660157263409135
51,The Smoky ValleyReproductions of a series of Lithographs of the Smoky Valley in Kansas,Sandzén Birger Powell Minna K,1871,"['Lithography', 'Smoky Hill River Valley (Colo. and Kan.) -- Pictorial works']",./books/the-smoky-valleyreproductions-of-a-series-of-lithographs-of-the-smoky-valley-in-kansas-sandzén-birger-powell-minna-.txt,4121,"['the', 'of']",0.24023295316670712
52,Ulysses,Joyce James ,1882-1941,"['City and town life -- Fiction', 'Psychological fiction', 'Domestic fiction', 'Married people -- Fiction', 'Male friendship -- Fiction', 'Dublin (Ireland) -- Fiction', 'Epic literature', 'Artists -- Fiction', 'Jewish men -- Fiction', 'Alienation (Social psychology) -- Fiction']",./books/ulysses-joyce-james.txt,275528,"['the', 'of']",0.10904880810661711
53,"The Count of Monte Cristo, Illustrated",Dumas Alexandre ,1802-1870,"['Historical fiction', 'Revenge -- Fiction', 'Adventure stories', 'Prisoners -- Fiction', 'France -- History -- 19th century -- Fiction', 'Pirates -- Fiction', 'Dantès, Edmond (Fictitious character) -- Fiction']",./books/the-count-of-monte-cristo-illustrated-dumas-alexandre.txt,471347,"['the', 'of']",0.03554918138865846
54,Siddhartha,Hesse Hermann ,1877-1962,"['Gautama Buddha -- Fiction', 'India -- Social life and customs -- Fiction', 'Spiritual life -- Fiction', 'Self-realization -- Fiction', 'Buddhism -- Fiction', 'Buddhist philosophy -- Fiction', 'Brahmans -- Fiction', 'India -- Religion -- Fiction']",./books/siddhartha-hesse-hermann.txt,42973,"['the', 'and']",0.0927326460800968
55,Arsene Lupin,Leblanc Maurice Jepson Edgar ,1864-1863,"['Burglars -- Fiction', 'Lupin, Arsène (Fictitious character) -- Fiction']",./books/arsene-lupin-leblanc-maurice-jepson-edgar.txt,75379,"['the', 'and']",0.07313708061927061
56,A Study in Scarlet,Doyle Arthur Conan ,1859-1930,"['Holmes, Sherlock (Fictitious character) -- Fiction', 'Private investigators -- England -- Fiction', 'Detective and mystery stories', 'England -- Fiction']",./books/a-study-in-scarlet-doyle-arthur-conan.txt,47812,"['the', 'and']",0.12749937254245797
57,Uncle Tom's Cabin,Stowe Harriet Beecher ,1811-1896,"['Slavery -- Fiction', 'Didactic fiction', 'Political fiction', 'Master and servant -- Fiction', 'African Americans -- Fiction', 'Southern States -- Fiction', 'Fugitive slaves -- Fiction', 'Plantation life -- Fiction', 'Uncle Tom (Fictitious character) -- Fiction', 'Slaves -- Fiction']",./books/uncle-toms-cabin-stowe-harriet-beecher.txt,191734,"['the', 'and']",0.0634420603544494
58,Leviathan,Hobbes Thomas ,1588-1679,"['Political science -- Early works to 1800', 'State, The -- Early works to 1800']",./books/leviathan-hobbes-thomas.txt,217595,"['the', 'of']",0.045805280452216275
59,Ethan Frome,Wharton Edith ,1862-1937,"['Domestic fiction', 'New England -- Fiction', 'Married people -- Fiction', 'Triangles (Interpersonal relations) -- Fiction', 'Accident victims -- Fiction', 'Rural poor -- Fiction']",./books/ethan-frome-wharton-edith.txt,39038,"['the', 'and']",0.12513448434858343
60,The OdysseyRendered into English prose for the use of those who cannot read the original,Homer  BCE BCEButler Samuel ,750-650,"['Homer -- Translations into English', 'Epic poetry, Greek -- Translations into English', 'Odysseus, King of Ithaca (Mythological character)']",./books/the-odysseyrendered-into-english-prose-for-the-use-of-those-who-cannot-read-the-original-homer--bce-bcebutler-samuel.txt,133902,"['the', 'and']",0.059633164553180684
61,The Iliad,Buckley Theodore Alois Homer  BCE BCEPope Alexander ,1825-750,"['Classical literature', 'Epic poetry, Greek -- Translations into English', 'Achilles (Mythological character) -- Poetry', 'Trojan War -- Poetry']",./books/the-iliad-buckley-theodore-alois-homer--bce-bcepope-alexander.txt,200396,"['the', 'and']",0.06705223657158825
62,The Time Machine,Wells H G Herbert George ,1866-1946,"['Science fiction', 'Time travel -- Fiction', 'Dystopias -- Fiction']",./books/the-time-machine-wells-h-g-herbert-george.txt,36170,"['the', 'and']",0.13831904893558197
63,"The Slang Dictionary: Etymological, Historical and Andecdotal",Hotten John Camden ,1832-1873,"['English language -- England -- London -- Slang -- Dictionaries', 'English language -- Dialects -- England -- London -- Glossaries, vocabularies, etc.', 'London (England) -- Languages -- Dictionaries']",./books/the-slang-dictionary-etymological-historical-and-andecdotal-hotten-john-camden.txt,168328,"['the', 'a']",0.10918563756475452
64,The Jungle,Sinclair Upton ,1878-1968,"['Meat industry and trade -- Fiction', 'Working class -- Fiction', 'Political fiction', 'Lithuanian Americans -- Fiction', 'Stockyards -- Fiction', 'Immigrants -- Fiction', 'Chicago (Ill.) -- Fiction']",./books/the-jungle-sinclair-upton.txt,155752,"['the', 'and']",0.06577122605167189
65,The Secret Garden,Burnett Frances Hodgson ,1849-1924,"['Orphans -- Fiction', 'People with disabilities -- Fiction', 'Gardens -- Fiction', 'Yorkshire (England) -- Fiction']",./books/the-secret-garden-burnett-frances-hodgson.txt,86418,"['and', 'the']",0.06099423731167118
66,"Twenty-Seven Drawings by William BlakeBeing Illustrations for Paradise Lost, Comus, and the Bible",Blake William Smalley Carl J,1757,"['Bible -- Illustrations', 'Milton, John, 1608-1674. Paradise lost -- Illustrations', 'Milton, John, 1608-1674. Comus -- Illustrations']",./books/twentyseven-drawings-by-william-blakebeing-illustrations-for-paradise-lost-comus-and-the-bible-blake-william-smalley-carl-.txt,3913,"['the', 'of']",0.23128034755941732
67,Don Quixote,Cervantes Saavedra Miguel de Ormsby John ,1547-1829,"['Spain -- Social life and customs -- 16th century -- Fiction', 'Knights and knighthood -- Spain -- Fiction', 'Picaresque literature', 'Romances']",./books/don-quixote-cervantes-saavedra-miguel-de-ormsby-john.txt,435439,"['the', 'and']",0.03776418740627275
68,Autobiography of Benjamin Franklin,Franklin Benjamin Pine Frank Woodworth Smith E Boyd Elmer Boyd ,1706-1869,"['Franklin, Benjamin, 1706-1790', 'Statesmen -- United States -- Biography']",./books/autobiography-of-benjamin-franklin-franklin-benjamin-pine-frank-woodworth-smith-e-boyd-elmer-boyd.txt,81357,"['the', 'of']",0.10419509077276694
69,Tractatus Logico-Philosophicus,Wittgenstein Ludwig Russell Bertrand Ogden C K Charles Kay ,1889-1872,"['Logic, Symbolic and mathematical', 'Language and languages -- Philosophy']",./books/tractatus-logicophilosophicus-wittgenstein-ludwig-russell-bertrand-ogden-c-k-charles-kay.txt,File not found,File not found,0.0
70,Baron Trump's Marvellous Underground Journey,Lockwood Ingersoll Johnson Charles Howard ,1841-1868,"['Fantasy fiction', 'Dogs -- Juvenile fiction', 'Conduct of life -- Juvenile fiction', 'Adventure stories', 'Wit and humor, Juvenile', 'Voyages and travels -- Juvenile fiction', 'Youth -- Conduct of life -- Juvenile fiction', 'Queens -- Juvenile fiction', 'Kings and rulers -- Juvenile fiction', 'Courtship -- Juvenile fiction', 'Voyages, Imaginary -- Juvenile fiction', 'Youth and death -- Juvenile fiction']",./books/baron-trumps-marvellous-underground-journey-lockwood-ingersoll-johnson-charles-howard.txt,73815,"['the', 'of']",0.09540066382171646
71,Gulliver's Travels into Several Remote Nations of the World,Swift Jonathan ,1667-1745,"['Fantasy fiction', 'Satire', 'Travelers -- Fiction', 'Gulliver, Lemuel (Fictitious character) -- Fiction', 'Voyages, Imaginary -- Early works to 1800']",./books/gullivers-travels-into-several-remote-nations-of-the-world-swift-jonathan.txt,108960,"['the', 'of']",0.07809287812041116
72,"The Interesting Narrative of the Life of Olaudah Equiano, Or Gustavus Vassa, The AfricanWritten By Himself",Equiano Olaudah ,1745-1797,"['Slaves -- United States -- Biography', 'Equiano, Olaudah, 1745-1797', 'Slaves -- Great Britain -- Biography']",./books/the-interesting-narrative-of-the-life-of-olaudah-equiano-or-gustavus-vassa-the-africanwritten-by-himself-equiano-olaudah.txt,86630,"['the', 'and']",0.0852360614105968
73,The Great Gatsby,Fitzgerald F Scott Francis Scott ,1896-1940,"['Psychological fiction', 'First loves -- Fiction', 'Married women -- Fiction', 'Rich people -- Fiction', 'Long Island (N.Y.) -- Fiction']",./books/the-great-gatsby-fitzgerald-f-scott-francis-scott.txt,53223,"['the', 'and']",0.11643462412866618
74,The fauna of the deep sea,Hickson Sydney J Sydney John Lubbock John Sir ,1859-1834,['Marine animals'],./books/the-fauna-of-the-deep-sea-hickson-sydney-j-sydney-john-lubbock-john-sir.txt,39807,"['the', 'of']",0.1246263220036677
75,The Prophet,Gibran Kahlil ,1883-1931,"['Mysticism -- Poetry', 'Prose poems, American']",./books/the-prophet-gibran-kahlil.txt,16039,"['the', 'and']",0.16634453519546105
76,The Boy's Book of Indians and the Wild West,Williams George Alfred ,1875-1932,"['Indians of North America', 'West (U.S.) -- History']",./books/the-boys-book-of-indians-and-the-wild-west-williams-george-alfred.txt,12534,"['the', 'and']",0.20982926440082975
77,Les Misérables,Hugo Victor Hapgood Isabel Florence ,1802-1850,"['Historical fiction', 'Orphans -- Fiction', 'Paris (France) -- Fiction', 'Epic literature', 'Ex-convicts -- Fiction']",./books/les-misérables-hugo-victor-hapgood-isabel-florence.txt,578175,"['the', 'of']",0.04117438491806114
78,The Problems of Philosophy,Russell Bertrand ,1872-1970,"['Knowledge, Theory of', 'Metaphysics', 'Philosophy -- Introductions']",./books/the-problems-of-philosophy-russell-bertrand.txt,46450,"['the', 'of']",0.07728740581270183
79,Oliver Twist,Dickens Charles ,1812-1870,"['Orphans -- Fiction', 'London (England) -- Fiction', 'Bildungsromans', 'Boys -- Fiction', 'Criminals -- Fiction', 'Kidnapping victims -- Fiction']",./books/oliver-twist-dickens-charles.txt,165613,"['the', 'and']",0.06341893450393386
80,The Mysterious Affair at Styles,Christie Agatha ,1890-1976,"['Private investigators -- England -- Fiction', 'Detective and mystery stories', 'Belgians -- England -- Fiction', 'Poirot, Hercule (Fictitious character) -- Fiction']",./books/the-mysterious-affair-at-styles-christie-agatha.txt,61478,"['the', 'i']",0.09165880477569212
81,The Legend of Sleepy Hollow,Irving Washington ,1783-1859,"['Ghosts -- Fiction', 'New York (State) -- History -- 1775-1865 -- Fiction']",./books/the-legend-of-sleepy-hollow-irving-washington.txt,15587,"['the', 'of']",0.23570924488355682
82,"Divine Comedy, Longfellow's Translation, Hell",Dante Alighieri Longfellow Henry Wadsworth ,1265-1807,"['Hell -- Poetry', 'Epic poetry, Italian -- Translations into English', 'Italian poetry -- To 1400 -- Translations into English']",./books/divine-comedy-longfellows-translation-hell-dante-alighieri-longfellow-henry-wadsworth.txt,41747,"['the', 'and']",0.1389560926533643
83,"The Monkey's PawThe Lady of the Barge and Others, Part 2.",Jacobs W W William Wymark ,1863-1943,"['Horror tales', 'Wishes -- Fiction']",./books/the-monkeys-pawthe-lady-of-the-barge-and-others-part-2-jacobs-w-w-william-wymark.txt,7528,"['the', 'and']",0.22728480340063761
84,A Journal of the Plague YearWritten by a Citizen Who Continued All the While in London,Defoe Daniel ,1661-1731,"['Historical fiction', 'Great Fire, London, England, 1666 -- Fiction', 'Plague -- Fiction', 'London (England) -- History -- 17th century -- Fiction']",./books/a-journal-of-the-plague-yearwritten-by-a-citizen-who-continued-all-the-while-in-london-defoe-daniel.txt,98659,"['the', 'and']",0.0633799247914534
85,How the Other Half Lives: Studies Among the Tenements of New York,Riis Jacob A Jacob August ,1849-1914,"['Poor -- New York (State) -- New York', 'Tenement houses -- New York (State) -- New York']",./books/how-the-other-half-lives-studies-among-the-tenements-of-new-york-riis-jacob-a-jacob-august.txt,86747,"['the', 'of']",0.10485665210324277
86,Essays of Michel de Montaigne — Complete,Montaigne Michel de Hazlitt William Carew Cotton Charles ,1533-1834,['French essays -- Translations into English'],./books/essays-of-michel-de-montaigne-—-complete-montaigne-michel-de-hazlitt-william-carew-cotton-charles.txt,532502,"['the', 'and']",0.04885052074921784
87,Narrative of the Captivity and Restoration of Mrs. Mary Rowlandson,Rowlandson Mary White ,1635-1711,"['Rowlandson, Mary White, approximately 1635-1711', ""King Philip's War, 1675-1676"", 'Lancaster (Mass.) -- History -- Colonial period, ca. 1600-1775', 'Massachusetts -- Biography', 'Indian captivities -- Massachusetts']",./books/narrative-of-the-captivity-and-restoration-of-mrs-mary-rowlandson-rowlandson-mary-white.txt,23522,"['and', 'the']",0.11822974236884619
88,The Jungle Book,Kipling Rudyard ,1865-1936,"['Short stories', 'Animals -- Fiction', 'Jungles -- Fiction', 'India -- Fiction', 'Jungle animals -- Fiction', 'Mowgli (Fictitious character) -- Fiction', 'Adventure stories, English', 'Feral children -- Fiction', 'India -- History -- 19th century -- Fiction']",./books/the-jungle-book-kipling-rudyard.txt,55545,"['the', 'and']",0.09071923665496444
89,"Frankenstein; Or, The Modern Prometheus",Shelley Mary Wollstonecraft ,1797-1851,"['Science fiction', 'Horror tales', 'Gothic fiction', 'Scientists -- Fiction', 'Monsters -- Fiction', 'Frankenstein, Victor (Fictitious character) -- Fiction', ""Frankenstein's monster (Fictitious character) -- Fiction""]",./books/frankenstein-or-the-modern-prometheus-shelley-mary-wollstonecraft.txt,81590,"['the', 'and']",0.09290354210074764
90,Notes from the Underground,Dostoyevsky Fyodor ,1821-1881,"['Political fiction', 'Russia -- History -- 1801-1917 -- Fiction', 'Russia -- Officials and employees -- Fiction']",./books/notes-from-the-underground-dostoyevsky-fyodor.txt,47884,"['i', 'the']",0.10771865341241334
91,David Copperfield,Dickens Charles ,1812-1870,"['Orphans -- Fiction', 'Autobiographical fiction', 'England -- Fiction', 'Bildungsromans', 'Young men -- Fiction', 'Boys -- Fiction', 'Stepfathers -- Fiction', 'Child labor -- Fiction']",./books/david-copperfield-dickens-charles.txt,367072,"['the', 'i']",0.038793479208438675
92,Thus Spake Zarathustra: A Book for All and None,Nietzsche Friedrich Wilhelm Common Thomas,1844,"['Superman (Philosophical concept)', 'Philosophy, German']",./books/thus-spake-zarathustra-a-book-for-all-and-none-nietzsche-friedrich-wilhelm-common-thoma.txt,117068,"['the', 'and']",0.0819950797826904
93,The Communist Manifesto,Engels Friedrich Marx Karl ,1820-1818,"['Socialism', 'Communism']",./books/the-communist-manifesto-engels-friedrich-marx-karl.txt,14752,"['the', 'of']",0.18024674620390455
94,The Spy,Cooper James Fenimore ,1789-1851,"['Historical fiction', 'War stories', 'United States -- History -- Revolution, 1775-1783 -- Fiction', 'Domestic fiction', 'Spy stories', 'New York (State) -- History -- Revolution, 1775-1783 -- Fiction']",./books/the-spy-cooper-james-fenimore.txt,3989,"['the', 'of']",0.22311356229631488
95,A Pickle for the Knowing Ones,Dexter Timothy ,1747-1806,"['Dexter, Timothy, 1747-1806', 'Newburyport (Mass.) -- Biography']",./books/a-pickle-for-the-knowing-ones-dexter-timothy.txt,15909,"['the', 'of']",0.21314978942736815
96,"The Happy Prince, and Other Tales",Wilde Oscar ,1854-1900,"['Fairy tales', ""Children's stories, English"", 'Short stories, English']",./books/the-happy-prince-and-other-tales-wilde-oscar.txt,19859,"['the', 'and']",0.13681454252479983
97,On Liberty,Mill John Stuart ,1806-1873,['Liberty'],./books/on-liberty-mill-john-stuart.txt,55616,"['the', 'of']",0.10881760644418872
98,Second Treatise of Government,Locke John ,1632-1704,"['Political science -- Early works to 1800', 'Toleration -- Early works to 1800', 'Liberty -- Early works to 1800']",./books/second-treatise-of-government-locke-john.txt,59929,"['the', 'of']",0.08384922157886833
99,The Gift of the Magi,Henry O ,1862-1910,"['Short stories', 'Christmas stories', 'Gifts -- Fiction']",./books/the-gift-of-the-magi-henry-o.txt,5338,"['the', 'of']",0.25046834020232295
